Model,R² Score,MAE
XGBoost,0.8937857397338803,1861393288.9961
Random Forest,0.8013302688644408,2549094227.0350785
CatBoost,0.719894833914723,2867642292.52819
Voting Regressor,0.8161216397424962,2249637594.6885815
