Model,R² Score,MAE
XGBoost,0.9918019771575928,1431829.125
Random Forest,0.989463603538223,1515312.0523982733
CatBoost,0.9855883999193105,1964811.799692458
Voting Regressor,0.990958314575162,1298596.7723823236
